s,theta_degrees
0.000000000000e+00,3.000000000000e+01
1.000000000000e-01,3.057295779513e+01
2.000000000000e-01,3.114591559026e+01
3.000000000000e-01,3.171887338539e+01
4.000000000000e-01,3.229183118052e+01
5.000000000000e-01,3.286478897565e+01
6.000000000000e-01,3.343774677078e+01
7.000000000000e-01,3.401070456592e+01
8.000000000000e-01,3.458366236105e+01
9.000000000000e-01,3.515662015618e+01
