s,h
0.000000000000e+00,1.000000000000e-05
1.000000000000e-01,1.100000000000e-05
2.000000000000e-01,1.200000000000e-05
3.000000000000e-01,1.300000000000e-05
4.000000000000e-01,1.400000000000e-05
5.000000000000e-01,1.500000000000e-05
6.000000000000e-01,1.600000000000e-05
7.000000000000e-01,1.700000000000e-05
8.000000000000e-01,1.800000000000e-05
9.000000000000e-01,1.900000000000e-05
